run,seed,accuracy,precision,recall,f1_score
1,42,0.5333333333333333,0.26744186046511625,0.7666666666666667,0.39655172413793105
2,53,0.6633333333333333,0.3333333333333333,0.6833333333333333,0.44808743169398907
3,64,0.2,0.2,1.0,0.3333333333333333
4,75,0.7366666666666667,0.40404040404040403,0.6666666666666666,0.5031446540880503
5,86,0.79,0.46511627906976744,0.3333333333333333,0.3883495145631068
